{
    "gameStore": [
        {
            "consoleType": "Xbox Series X",
            "stock": "15",
            "sku": "1234567",
            "description": "Introducing Xbox Series X. Play thousands of titles from four generations of consoles\u2014all games look and play best on Xbox Series X. At the heart of Series X is the Xbox Velocity Architecture, which pairs a custom SSD with integrated software for faster, streamlined gameplay with significantly reduced load times. Seamlessly move between multiple games in a flash with Quick Resume. Explore rich new worlds and enjoy the action like never before with the unmatched 12 teraflops of raw graphic processing power. Enjoy 4K gaming at up to 120 frames per second, advanced 3D spatial sound, and more.",
            "image": ".\/graphics\/xbox.jpeg"
        },
        {
            "consoleType": "Playstation 5",
            "stock": "3",
            "sku": "7654321",
            "description": "Explore uncharted virtual territories and slay dragons with this sleek Sony PlayStation 5 gaming console. The 825GB SSD allows ultra-fast load times, while 3-D audio output produces crisp acoustics. This Sony PlayStation 5 gaming console supports haptic feedback for effortless communication in multiplayer setups, and adaptive triggers allow immersive gameplay.",
            "image": ".\/graphics\/playstation.jpeg"
        },
        {
            "consoleType": "Nintendo Switch",
            "stock": "4",
            "sku": "3456789",
            "description": "Introducing Nintendo Switch, the new home video game system from Nintendo. In addition to providing single and multiplayer thrills at home, the Nintendo Switch system can be taken on the go so players can enjoy a full home console experience anytime, anywhere. The mobility of a handheld is now added to the power of a home gaming system, with unprecedented new play styles brought to life by the two new Joy-Con controllers.",
            "image": ".\/graphics\/switch.jpeg"
        }
    ]
}